date,panel,sku,msku,quantity,warehouse
2025-01-26,unknown,32546987,CSTE_0020_MB_HP_Black,1,TLCQ
2025-01-26,unknown,goku action figure01,CSTE_0442_CLT_AF_Goku_Big,1,TLCQ
2025-01-26,unknown,CSTE_O0390_OT_Toiletry_Bottles,CSTE_O0390_OT_Toiletry_Bottles,1,TLCQ
2025-01-26,unknown,CSTE_O0390_OT_Toiletry_Bottles,CSTE_O0390_OT_Toiletry_Bottles,1,TLCQ
2025-01-27,unknown,32546987,CSTE_0020_MB_HP_Black,1,TLCQ
2025-01-27,unknown,CSTE_0490_ST_Fruit_Blox_Shadow,CSTE_0490_ST_Fruit_Blox_Shadow,1,BLR7
2025-01-27,unknown,CSTE_O0390_OT_Toiletry_Bottles,CSTE_O0390_OT_Toiletry_Bottles,1,TLCQ
2025-01-27,unknown,CSTE_O0390_OT_Toiletry_Bottles,CSTE_O0390_OT_Toiletry_Bottles,1,TLCQ
2025-01-27,unknown,CSTE_O0390_OT_Toiletry_Bottles,CSTE_O0390_OT_Toiletry_Bottles,2,TLCQ
2025-01-27,unknown,CSTE_O0390_OT_Toiletry_Bottles,CSTE_O0390_OT_Toiletry_Bottles,1,TLCQ
2025-01-27,unknown,CSTE_O0390_OT_Toiletry_Bottles,CSTE_O0390_OT_Toiletry_Bottles,1,TLCQ
2025-01-27,unknown,CSTE_O0390_OT_Toiletry_Bottles,CSTE_O0390_OT_Toiletry_Bottles,1,TLCQ
2025-01-27,unknown,CSTE_0454_ST_Animal_Garfield_Orange,CSTE_0454_ST_Animal_Garfield_Orange,1,TLCQ
2025-01-27,unknown,32546987,CSTE_0020_MB_HP_Black,1,TLCQ
2025-01-27,unknown,CSTE_O0390_OT_Toiletry_Bottles,CSTE_O0390_OT_Toiletry_Bottles,1,TLCQ
2025-01-27,unknown,CSTE_0417_Organizer_StorageBox_SkyBlue,CSTE_0417_Organizer_StorageBox_SkyBlue,1,TLCQ
2025-01-27,unknown,CSTE_O0390_OT_Toiletry_Bottles,CSTE_O0390_OT_Toiletry_Bottles,2,TLCQ
2025-01-27,unknown,CSTE_O0390_OT_Toiletry_Bottles,CSTE_O0390_OT_Toiletry_Bottles,1,TLCQ
2025-01-27,unknown,SG_FireGlass_MercuryPink,CSTE_0162_SG_FireGlass_MercuryPink,1,TLCQ
2025-01-27,unknown,CSTE_O0390_OT_Toiletry_Bottles,CSTE_O0390_OT_Toiletry_Bottles,1,TLCQ
2025-01-28,unknown,CSTE_0478_ST_Minecraft_Cow_Brown,CSTE_0478_ST_Minecraft_Cow_Brown,1,TLCQ
2025-01-28,unknown,CSTE_O0390_OT_Toiletry_Bottles,CSTE_O0390_OT_Toiletry_Bottles,1,TLCQ
2025-01-28,unknown,32002561,CSTE_0013_MB_HBD_Red,1,BLR7
2025-01-28,unknown,32546987,CSTE_0020_MB_HP_Black,1,TLCQ
2025-01-28,unknown,CSTE_O0390_OT_Toiletry_Bottles,CSTE_O0390_OT_Toiletry_Bottles,1,TLCQ
2025-01-28,unknown,SG_FireGlass_Green,CSTE_0157_SG_FireGlass_Green,1,TLCQ
2025-01-28,unknown,Gengar,CSTE_0463_ST_Pokemon_Gengar,1,TLCQ
2025-01-29,unknown,CSTE_O0390_OT_Toiletry_Bottles,CSTE_O0390_OT_Toiletry_Bottles,1,TLCQ
2025-01-29,unknown,SG_butterfly_Red&Green,CSTE_0148_SG_ButterFly_RedGreen,1,BLR7
2025-01-29,unknown,32546987,CSTE_0020_MB_HP_Black,1,TLCQ
2025-01-29,unknown,CSTE_O0390_OT_Toiletry_Bottles,CSTE_O0390_OT_Toiletry_Bottles,1,TLCQ
2025-01-29,unknown,32546987,CSTE_0020_MB_HP_Black,1,TLCQ
2025-01-29,unknown,CSTE_0157_SG_FireGlass_Green,CSTE_0157_SG_FireGlass_Green,1,TLCQ
2025-01-29,unknown,CSTE_O0390_OT_Toiletry_Bottles,CSTE_O0390_OT_Toiletry_Bottles,1,TLCQ
2025-01-29,unknown,Goku Super Saiyyan Injured01,CSTE_0447_CLT_AF_Goku_SSJ,1,TLCQ
2025-01-29,unknown,CSTE_0417_Organizer_StorageBox_SkyBlue,CSTE_0417_Organizer_StorageBox_SkyBlue,1,BLR7
2025-01-29,unknown,32546987,CSTE_0020_MB_HP_Black,1,TLCQ
2025-01-29,unknown,1951027540_9,CSTE_0156_SG_FireGlass_Yellow,1,TLCQ
2025-01-29,unknown,Dolphine bubble shooter gun for kids,CSTE_O0120_OT_DolphinBubbleMachine,1,TLCQ
2025-01-29,unknown,MB_StarWars_|BLK,CSTE_0054_MB_Starwar_Black,1,BLR7
2025-01-29,unknown,32546987,CSTE_0020_MB_HP_Black,1,TLCQ
2025-01-29,unknown,CSTE_O0390_OT_Toiletry_Bottles,CSTE_O0390_OT_Toiletry_Bottles,1,TLCQ
2025-01-29,unknown,CSTE_O0445_OT_Glue_Sand_Rubber_Monkey,CSTE_O0445_OT_Glue_Sand_Rubber_Monkey,1,TLCQ
2025-01-29,unknown,Harry_wand,CSTE_0294_OT_Harrypotter_new_wand,1,TLCQ
2025-01-30,unknown,CSTE_0533_ST_Animal_Breathing_Koala_Grey,CSTE_0533_ST_Animal_Breathing_Koala_Grey,1,TLCQ
2025-01-30,unknown,32546987,CSTE_0020_MB_HP_Black,1,TLCQ
2025-01-30,unknown,Minecraft_Small_Sword_Steve,"['CSTE_0470_ST_Minecraft_Sword_Small', 'CSTE_0418_ST_MineCraft_Steve']",1,
2025-01-30,unknown,CSTE_0205_MB_MHA10_Brown,CSTE_0205_MB_MHA10_Brown,1,TLCQ
2025-01-30,unknown,SG_butterfly_Red&Green,CSTE_0148_SG_ButterFly_RedGreen,1,BLR8
2025-01-30,unknown,CSTE_0157_SG_FireGlass_Green,CSTE_0157_SG_FireGlass_Green,1,TLCQ
2025-01-30,unknown,CSTE_O0390_OT_Toiletry_Bottles,CSTE_O0390_OT_Toiletry_Bottles,1,TLCQ
2025-01-31,unknown,Titanic_Brown,CSTE_0085_MB_Titanic_Brown,1,TLCQ
2025-01-31,unknown,CSTE_O0390_OT_Toiletry_Bottles,CSTE_O0390_OT_Toiletry_Bottles,1,TLCQ
2025-01-31,unknown,SG_butterfly_Red&Green,CSTE_0148_SG_ButterFly_RedGreen,1,BOM5
2025-01-31,unknown,78945615,CSTE_0111_HD_Rug_CircleFurmat_White,1,TLCQ
2025-01-31,unknown,CSTE_O0390_OT_Toiletry_Bottles,CSTE_O0390_OT_Toiletry_Bottles,1,TLCQ
2025-01-31,unknown,32546987,CSTE_0020_MB_HP_Black,1,TLCQ
2025-02-01,unknown,CSTE_O0390_OT_Toiletry_Bottles,CSTE_O0390_OT_Toiletry_Bottles,1,TLCQ
2025-02-01,unknown,586379476_16,CSTE_0148_SG_ButterFly_RedGreen,1,BOM7
2025-02-01,unknown,586379476_16,CSTE_0148_SG_ButterFly_RedGreen,1,CCU1
2025-02-01,unknown,SG_FireGlass_Green,CSTE_0157_SG_FireGlass_Green,1,TLCQ
2025-02-01,unknown,CSTE_O0390_OT_Toiletry_Bottles,CSTE_O0390_OT_Toiletry_Bottles,2,TLCQ
2025-02-01,unknown,78945615,CSTE_0111_HD_Rug_CircleFurmat_White,1,BLR7
2025-02-01,unknown,CSTE_O0390_OT_Toiletry_Bottles,CSTE_O0390_OT_Toiletry_Bottles,1,TLCQ
