Combo,SKU1,SKU2,SKU3,SKU4,SKU5,SKU6,SKU7,SKU8,Status
CSTE_0341_Wands_Hermoine_Sunglasas,CSTE_0291_OT_Hermoine_wand,CSTE_0319_SG_HarryPotter_Round,NA,NA,NA,NA,NA,NA,Combo
CSTE_0359_Wands_Hermoine_light_Sg,CSTE_0331_Wands_Hermoine_Light,CSTE_0319_SG_HarryPotter_Round,NA,NA,NA,NA,NA,NA,Combo
CSTE_0354_Wands_Hermoine_light_MB,CSTE_0331_Wands_Hermoine_Light,CSTE_0020_MB_HP_Black,NA,NA,NA,NA,NA,NA,Combo
CSTE_0335_Wands_Hermoine_MusicBox,CSTE_0291_OT_Hermoine_wand,CSTE_0020_MB_HP_Black,NA,NA,NA,NA,NA,NA,Combo
CSTE_0358_Wands_Dumbledore_light_Sg,CSTE_0333_Wands_Dumbledore_Light,CSTE_0319_SG_HarryPotter_Round,NA,NA,NA,NA,NA,NA,Combo
CSTE_0342_Wands_Dumbledore_Sunglasas,CSTE_0292_OT_Dumbledore_wand,CSTE_0319_SG_HarryPotter_Round,NA,NA,NA,NA,NA,NA,Combo
CSTE_0353_Wands_DumbleD_light_MB,CSTE_0333_Wands_Dumbledore_Light,CSTE_0020_MB_HP_Black,NA,NA,NA,NA,NA,NA,Combo
CSTE_0355_Wands_HP_light_Sg,CSTE_0330_Wands_Harrypotter_Light,CSTE_0319_SG_HarryPotter_Round,NA,NA,NA,NA,NA,NA,Combo
CSTE_0340_Wands_Harrypotter_Sunglasas,CSTE_0294_OT_Harrypotter_new_wand,CSTE_0319_SG_HarryPotter_Round,NA,NA,NA,NA,NA,NA,Combo
CSTE_0350_Wands_Harrypotter_light_MB,CSTE_0330_Wands_Harrypotter_Light,CSTE_0020_MB_HP_Black,NA,NA,NA,NA,NA,NA,Combo
CSTE_0357_Wands_Voldemort_Light_Sg,CSTE_0332_Wands_LordVoldmort_Light,CSTE_0319_SG_HarryPotter_Round,NA,NA,NA,NA,NA,NA,Combo
CSTE_0352_Wands_Voldemort_Light_MB,CSTE_0332_Wands_LordVoldmort_Light,CSTE_0020_MB_HP_Black,NA,NA,NA,NA,NA,NA,Combo
CSTE_0345_Wands_Snape_Sunglasas,CSTE_0295_OT_Snape_wand,CSTE_0319_SG_HarryPotter_Round,NA,NA,NA,NA,NA,NA,Combo
Minecraft_Small_Sword_Steve,CSTE_0470_ST_Minecraft_Sword_Small,CSTE_0418_ST_MineCraft_Steve,NA,NA,NA,NA,NA,NA,Combo
ST-BTS-cooky-tata-FBA,CSTE_0007_ST_Bts_Pillow_Cooky,CSTE_0002_ST_Bts_Pillow_Tata,NA,NA,NA,NA,NA,NA,Combo
ST-BTS-Cooky-RJ-FBA,CSTE_0007_ST_Bts_Pillow_Cooky,CSTE_0008_ST_Bts_Pillow_Rj,NA,NA,NA,NA,NA,NA,Combo
ST-BTS-cooky-koya-rj-tata-FBA,CSTE_0007_ST_Bts_Pillow_Cooky,CSTE_0008_ST_Bts_Pillow_Rj,CSTE_0002_ST_Bts_Pillow_Tata,CSTE_0003_ST_Bts_Pillow_Koya,NA,NA,NA,NA,Combo
ST-BTS-chimmy-cooky-koya-tata-FBA,CSTE_0007_ST_Bts_Pillow_Cooky,CSTE_0002_ST_Bts_Pillow_Tata,CSTE_0003_ST_Bts_Pillow_Koya,CSTE_0001_ST_Bts_Pillow_Chimmy,NA,NA,NA,NA,Combo
ST-BTS-chimmy-van-FBA,CSTE_0001_ST_Bts_Pillow_Chimmy,CSTE_0006_ST_Bts_Pillow_Van,NA,NA,NA,NA,NA,NA,Combo
ST-BTS-Chimmy-RJ-FBA,CSTE_0001_ST_Bts_Pillow_Chimmy,CSTE_0008_ST_Bts_Pillow_Rj,NA,NA,NA,NA,NA,NA,Combo
ST-BTS-rj-shooky-FBA,CSTE_0008_ST_Bts_Pillow_Rj,CSTE_0005_ST_Bts_Pillow_Shooky,NA,NA,NA,NA,NA,NA,Combo
ST-BTS-Koya-tata-FBA,CSTE_0003_ST_Bts_Pillow_Koya,CSTE_0002_ST_Bts_Pillow_Tata,NA,NA,NA,NA,NA,NA,Combo
steve_zombie,CSTE_0418_ST_MineCraft_Steve,CSTE_0420_ST_MineCraft_Zombie,NA,NA,NA,NA,NA,NA,Combo
steve_creeper,CSTE_0418_ST_MineCraft_Steve,CSTE_0419_ST_MineCraft_Creeper,NA,NA,NA,NA,NA,NA,Combo
steve_lama,CSTE_0418_ST_MineCraft_Steve,CSTE_0437_ST_Minecraft_Lama_Brown,NA,NA,NA,NA,NA,NA,Combo
ST-BTS-RJ-tata-FBA,CSTE_0008_ST_Bts_Pillow_Rj,CSTE_0002_ST_Bts_Pillow_Tata,NA,NA,NA,NA,NA,NA,Combo
ST-BTS-shooky-tata-FBA,CSTE_0005_ST_Bts_Pillow_Shooky,CSTE_0002_ST_Bts_Pillow_Tata,NA,NA,NA,NA,NA,NA,Combo
ST-BTS-cooky-Chimmy-FBA,CSTE_0007_ST_Bts_Pillow_Cooky,CSTE_0001_ST_Bts_Pillow_Chimmy,NA,NA,NA,NA,NA,NA,Combo
ST-BTS-KOYA-Cooky-FBA,CSTE_0003_ST_Bts_Pillow_Koya,CSTE_0007_ST_Bts_Pillow_Cooky,NA,NA,NA,NA,NA,NA,Combo
ST-BTS-koya-rj-shooky-cooky-FBA,CSTE_0003_ST_Bts_Pillow_Koya,CSTE_0008_ST_Bts_Pillow_Rj,CSTE_0005_ST_Bts_Pillow_Shooky,CSTE_0007_ST_Bts_Pillow_Cooky,NA,NA,NA,NA,Combo
ST-BTS-cooky-van-FBA,CSTE_0007_ST_Bts_Pillow_Cooky,CSTE_0006_ST_Bts_Pillow_Van,NA,NA,NA,NA,NA,NA,Combo
ST-BTS-koya-rj-shooky-chimmy-FBA,CSTE_0003_ST_Bts_Pillow_Koya,CSTE_0008_ST_Bts_Pillow_Rj,CSTE_0005_ST_Bts_Pillow_Shooky,CSTE_0001_ST_Bts_Pillow_Chimmy,NA,NA,NA,NA,Combo
ST-BTS-koya-rj-shooky-tata-FBA,CSTE_0003_ST_Bts_Pillow_Koya,CSTE_0008_ST_Bts_Pillow_Rj,CSTE_0005_ST_Bts_Pillow_Shooky,CSTE_0002_ST_Bts_Pillow_Tata,NA,NA,NA,NA,Combo
ST-BTS-cooky-shooky-FBA,CSTE_0007_ST_Bts_Pillow_Cooky,CSTE_0005_ST_Bts_Pillow_Shooky,NA,NA,NA,NA,NA,NA,Combo
ST-BTS-chimmy-cooky-koya-Shooky,CSTE_0001_ST_Bts_Pillow_Chimmy,CSTE_0007_ST_Bts_Pillow_Cooky,CSTE_0003_ST_Bts_Pillow_Koya,CSTE_0005_ST_Bts_Pillow_Shooky,NA,NA,NA,NA,Combo
ST-BTS-shooky-van-FBA,CSTE_0005_ST_Bts_Pillow_Shooky,CSTE_0006_ST_Bts_Pillow_Van,NA,NA,NA,NA,NA,NA,Combo
ST-BTS-Koya-van-FBA,CSTE_0003_ST_Bts_Pillow_Koya,CSTE_0006_ST_Bts_Pillow_Van,NA,NA,NA,NA,NA,NA,Combo
ST-BTS-shooky-tata-chimmy-cooky,CSTE_0005_ST_Bts_Pillow_Shooky,CSTE_0002_ST_Bts_Pillow_Tata,CSTE_0001_ST_Bts_Pillow_Chimmy,CSTE_0007_ST_Bts_Pillow_Cooky,NA,NA,NA,NA,Combo
ST-BTS-Chimmy-Shooky-FBA,CSTE_0001_ST_Bts_Pillow_Chimmy,CSTE_0007_ST_Bts_Pillow_Cooky,NA,NA,NA,NA,NA,NA,Combo
ST-BTS-Koya-Shooky-FBA,CSTE_0003_ST_Bts_Pillow_Koya,CSTE_0005_ST_Bts_Pillow_Shooky,NA,NA,NA,NA,NA,NA,Combo
ST-BTS-van-tata-FBA,CSTE_0006_ST_Bts_Pillow_Van,CSTE_0002_ST_Bts_Pillow_Tata,NA,NA,NA,NA,NA,NA,Combo
ST-BTS-chimmy-tata-FBA,CSTE_0001_ST_Bts_Pillow_Chimmy,CSTE_0002_ST_Bts_Pillow_Tata,NA,NA,NA,NA,NA,NA,Combo
ST-BTS-Koya-Chimmy-FBA,CSTE_0003_ST_Bts_Pillow_Koya,CSTE_0001_ST_Bts_Pillow_Chimmy,NA,NA,NA,NA,NA,NA,Combo
BTS-Mang-Chimmy,CSTE_0004_ST_Bts_Pillow_Mang,CSTE_0001_ST_Bts_Pillow_Chimmy,NA,NA,NA,NA,NA,NA,Combo
ST-BTS-chimmy-cooky-koya-rj-FBA,CSTE_0001_ST_Bts_Pillow_Chimmy,CSTE_0007_ST_Bts_Pillow_Cooky,CSTE_0003_ST_Bts_Pillow_Koya,CSTE_0008_ST_Bts_Pillow_Rj,NA,NA,NA,NA,Combo
ST-BTS-koya-rj-FBA,CSTE_0003_ST_Bts_Pillow_Koya,CSTE_0008_ST_Bts_Pillow_Rj,NA,NA,NA,NA,NA,NA,Combo
CSTE_0290_OT_Harrypotter_wand,CSTE_0294_OT_Harrypotter_new_wand,CSTE_0020_MB_HP_Black,NA,NA,NA,NA,NA,NA,Combo
Harrypotter_wand,CSTE_0294_OT_Harrypotter_new_wand,CSTE_0020_MB_HP_Black,NA,NA,NA,NA,NA,NA,Combo
WB-IEVN-6335,CSTE_0293_OT_Voldemort_wand,CSTE_0020_MB_HP_Black,NA,NA,NA,NA,NA,NA,Combo
CSTE_0343_Wands_Lord Voldmort_Sunglasas,CSTE_0293_OT_Voldemort_wand,CSTE_0319_SG_HarryPotter_Round,NA,NA,NA,NA,NA,NA,Combo
CSTE_0350_Wands_Hp_light_MB,CSTE_0330_Wands_Harrypotter_Light,CSTE_0020_MB_HP_Black,NA,NA,NA,NA,NA,NA,Combo
CSTE_0351_Wands_snape_Light_MB,CSTE_0380_Wands_Snape_Light,CSTE_0020_MB_HP_Black,NA,NA,NA,NA,NA,NA,Combo
CSTE_0356_Wands_snape_Light_Sg,CSTE_0380_Wands_Snape_Light,CSTE_0319_SG_HarryPotter_Round,NA,NA,NA,NA,NA,NA,Combo
Hermoine_light_SG,CSTE_0331_Wands_Hermoine_Light,CSTE_0319_SG_HarryPotter_Round,NA,NA,NA,NA,NA,NA,Combo
Baby Swaddle_UPD_Pink_Combo,CSTE_0364_Swaddle_Unicorn_Print,CSTE_O0306_OT_UnicornPlantableDiary_Pink,NA,NA,NA,NA,NA,NA,Combo
Baby Swaddle_UPD_Black_Combo,CSTE_0364_Swaddle_Unicorn_Print,CSTE_O0307_OT_UnicornPlantableDiary_Black,NA,NA,NA,NA,NA,NA,Combo
ST-BTS-RJ-van-FBA,CSTE_0008_ST_Bts_Pillow_Rj,CSTE_0006_ST_Bts_Pillow_Van,NA,NA,NA,NA,NA,NA,Combo
ST-BTS-chimmy-cooky-koya-van-FBA,CSTE_0001_ST_Bts_Pillow_Chimmy,CSTE_0007_ST_Bts_Pillow_Cooky,CSTE_0003_ST_Bts_Pillow_Koya,CSTE_0006_ST_Bts_Pillow_Van,NA,NA,NA,NA,Combo
ST-BTS-koya-rj-shooky-van-FBA,CSTE_0003_ST_Bts_Pillow_Koya,CSTE_0008_ST_Bts_Pillow_Rj,CSTE_0005_ST_Bts_Pillow_Shooky,CSTE_0006_ST_Bts_Pillow_Van,NA,NA,NA,NA,Combo
ST-BTS-van-chimmy-cooky-koya-FBA,CSTE_0006_ST_Bts_Pillow_Van,CSTE_0001_ST_Bts_Pillow_Chimmy,CSTE_0007_ST_Bts_Pillow_Cooky,CSTE_0003_ST_Bts_Pillow_Koya,NA,NA,NA,NA,Combo
ST-bts-throw-Army,CSTE_0001_ST_Bts_Pillow_Chimmy,CSTE_0002_ST_Bts_Pillow_Tata,CSTE_0003_ST_Bts_Pillow_Koya,CSTE_0004_ST_Bts_Pillow_Mang,CSTE_0005_ST_Bts_Pillow_Shooky,CSTE_0006_ST_Bts_Pillow_Van,CSTE_0007_ST_Bts_Pillow_Cooky,CSTE_0008_ST_Bts_Pillow_Rj,Combo
ST-BTS-rj-shooky-van-tata-FBA,CSTE_0008_ST_Bts_Pillow_Rj,CSTE_0005_ST_Bts_Pillow_Shooky,CSTE_0006_ST_Bts_Pillow_Van,CSTE_0002_ST_Bts_Pillow_Tata,NA,NA,NA,NA,Combo
BTS-mang-RJ,CSTE_0004_ST_Bts_Pillow_Mang,CSTE_0008_ST_Bts_Pillow_Rj,NA,NA,NA,NA,NA,NA,Combo
zombie_creeper,CSTE_0420_ST_MineCraft_Zombie,CSTE_0419_ST_MineCraft_Creeper,NA,NA,NA,NA,NA,NA,Combo
Lama_Creeper_Combo,CSTE_0437_ST_Minecraft_Lama_Brown,CSTE_0419_ST_MineCraft_Creeper,NA,NA,NA,NA,NA,NA,Combo
Lama_Ghast_Combo,CSTE_0437_ST_Minecraft_Lama_Brown,CSTE_0421_ST_MineCraft_Ghost,NA,NA,NA,NA,NA,NA,Combo
MB_COMBO_HBDBROWN_UAREMYSUNSHINE,CSTE_0014_MB_HBD_Brown,CSTE_0060_MB_YouAreMySunshine_Brown,NA,NA,NA,NA,NA,NA,Combo
MB_COMBO_HBDBLACK_MH,CSTE_0015_MB_HBD_Black,CSTE_0194_MB_MH3Joker_Brown,NA,NA,NA,NA,NA,NA,Combo
MB_COMBO_HBDBLK_SUNSHINE,CSTE_0015_MB_HBD_Black,CSTE_0060_MB_YouAreMySunshine_Brown,NA,NA,NA,NA,NA,NA,Combo
MB_COMBO_HPGREEN_HBDPINK,CSTE_0018_MB_HP_Green,CSTE_0016_MB_HBD_Pink,NA,NA,NA,NA,NA,NA,Combo
MB_COMBO_HPGREEN_HBDRED,CSTE_0018_MB_HP_Green,CSTE_0013_MB_HBD_Red,NA,NA,NA,NA,NA,NA,Combo
MB_COMBO_HPGREEN_HBDWHITE,CSTE_0018_MB_HP_Green,CSTE_0036_MB_HBD_White,NA,NA,NA,NA,NA,NA,Combo
MB_COMBO_HPGREEN_LETITGO,CSTE_0018_MB_HP_Green,CSTE_0047_MB_LetItGo_Brown,NA,NA,NA,NA,NA,NA,Combo
MB_COMBO_HPGREEN_MH2,CSTE_0018_MB_HP_Green,CSTE_0192_MB_MHA3_Black,NA,NA,NA,NA,NA,NA,Combo
MB_COMBO_HPGREEN_MH3,CSTE_0018_MB_HP_Green,CSTE_0193_MB_MHA6_Black,NA,NA,NA,NA,NA,NA,Combo
MB_COMBO_HPGREEN_MHBLACK,CSTE_0018_MB_HP_Green,CSTE_0196_MB_MHA2_Black,NA,NA,NA,NA,NA,NA,Combo
MB_COMBO_HPBLACK_HBDBROWN,CSTE_0020_MB_HP_Black,CSTE_0014_MB_HBD_Brown,NA,NA,NA,NA,NA,NA,Combo
MB_COMBO_HBDPINK_BEATLES,CSTE_0016_MB_HBD_Pink,CSTE_0022_MB_Beatles_Brown,NA,NA,NA,NA,NA,NA,Combo
MB_COMBO_BB_GOT_Black,CSTE_0023_MB_BeautyandBeast_Black,CSTE_0030_MB_Got_Black,NA,NA,NA,NA,NA,NA,Combo
MB_COMBO_BB_HBD_Brown,CSTE_0023_MB_BeautyandBeast_Black,CSTE_0014_MB_HBD_Brown,NA,NA,NA,NA,NA,NA,Combo
MB_COMBO_BB_Money3Joker,CSTE_0023_MB_BeautyandBeast_Black,CSTE_0194_MB_MH3Joker_Brown,NA,NA,NA,NA,NA,NA,Combo
MB_COMBO_BB_MoneyHeist3,CSTE_0023_MB_BeautyandBeast_Black,CSTE_0196_MB_MHA2_Black,NA,NA,NA,NA,NA,NA,Combo
MB_COMBO_BB_MoneyHeist7,CSTE_0023_MB_BeautyandBeast_Black,CSTE_0192_MB_MHA3_Black,NA,NA,NA,NA,NA,NA,Combo
MB_COMBO_BB_MoneyHeist8,CSTE_0023_MB_BeautyandBeast_Black,CSTE_0200_MB_MHLasaCasaDePapel_Brown,NA,NA,NA,NA,NA,NA,Combo
MB_COMBO_BB_Pirate,CSTE_0023_MB_BeautyandBeast_Black,CSTE_0053_MB_PiratesofCarribean_Brown,NA,NA,NA,NA,NA,NA,Combo
MB_COMBO_WINTERBROWN_BEAUTYBEST,CSTE_0030_MB_Got_Black,CSTE_0024_MB_BeautyandBeast_Brown,NA,NA,NA,NA,NA,NA,Combo
MK11AF MB_COMBO_BB_DBALL,CSTE_0023_MB_BeautyandBeast_Black,CSTE_0070_MB_DragonBallZ_Red,NA,NA,NA,NA,NA,NA,Combo
MB_COMBO_FRIEND_CASTLEINTHESKY,CSTE_0028_MB_Friends_NewBrown,CSTE_0026_MB_Castle_Unicorn,NA,NA,NA,NA,NA,NA,Combo
MB_COMBO_FRIENDS_STARWARS,CSTE_0028_MB_Friends_NewBrown,CSTE_0056_MB_Starwar_Blue,NA,NA,NA,NA,NA,NA,Combo
MB_COMBO_BB_HP_White,CSTE_0023_MB_BeautyandBeast_Black,CSTE_0039_MB_HP_White,NA,NA,NA,NA,NA,NA,Combo
MB_COMBO_HBDBROWN-HPWHITE,CSTE_0014_MB_HBD_Brown,CSTE_0039_MB_HP_White,NA,NA,NA,NA,NA,NA,Combo
MB_COMBO_LALALAND_GODFATHER,CSTE_0043_MB_Lalaland_Brown,CSTE_0033_MB_GodFather_Brown,NA,NA,NA,NA,NA,NA,Combo
MB_COMBO_LALALAND_LETITGO,CSTE_0043_MB_Lalaland_Brown,CSTE_0047_MB_LetItGo_Brown,NA,NA,NA,NA,NA,NA,Combo
MB_COMBO_LALALAND_PP,CSTE_0043_MB_Lalaland_Brown,CSTE_0050_MB_PinkPanther_Brown,NA,NA,NA,NA,NA,NA,Combo
MB_COMBO_LALALAND_THEBEATLES,CSTE_0043_MB_Lalaland_Brown,CSTE_0022_MB_Beatles_Brown,NA,NA,NA,NA,NA,NA,Combo
MB_COMBO_LALALAND_URMYSUNSHINE,CSTE_0043_MB_Lalaland_Brown,CSTE_0060_MB_YouAreMySunshine_Brown,NA,NA,NA,NA,NA,NA,Combo
MB_COMBO_HBDBLACK_LETITGO,CSTE_0015_MB_HBD_Black,CSTE_0047_MB_LetItGo_Brown,NA,NA,NA,NA,NA,NA,Combo
MB_COMBO_TWINKLE_HBDPPINK,CSTE_0048_MB_LittleStar_Brown,CSTE_0016_MB_HBD_Pink,NA,NA,NA,NA,NA,NA,Combo
MB_COMBO_TWINKLE_PINKPANTHER,CSTE_0048_MB_LittleStar_Brown,CSTE_0050_MB_PinkPanther_Brown,NA,NA,NA,NA,NA,NA,Combo
MB_COMBO_BB_StarWarsBlue,CSTE_0023_MB_BeautyandBeast_Black,CSTE_0056_MB_Starwar_Blue,NA,NA,NA,NA,NA,NA,Combo
MB_COMBO_BB_StarWarsBrown,CSTE_0023_MB_BeautyandBeast_Black,CSTE_0055_MB_Starwar_Brown,NA,NA,NA,NA,NA,NA,Combo
MB_COMBO_HBDBROWN_STARWAERBLACK,CSTE_0014_MB_HBD_Brown,CSTE_0054_MB_Starwar_Black,NA,NA,NA,NA,NA,NA,Combo
FUSKED-COMBO-REVERSIBLEOCTOPUSTOYS-6,CSTE_0115_ST_Rev_Oct_BlueOrange,CSTE_0115_ST_Rev_Oct_BlueOrange,NA,NA,NA,NA,NA,NA,Combo
FUSKED-COMBO-REVERSIBLE OCTOPUS-14,CSTE_0122_ST_Rev_Oct_RedYellow,CSTE_0120_ST_Rev_Oct_PurpleGreen,NA,NA,NA,NA,NA,NA,Combo
17*17_PillowCover_Combo,CSTE_0237_HD_PillowCover_Brown,NA,NA,NA,NA,NA,NA,NA,Combo
Brush_makeup_Blue,CSTE_O0102_OT_ToothBrushKit,NA,NA,NA,NA,NA,NA,NA,Combo
"Rudrav_RJ & Tata Plush Pillow, Animal Stuffed Toys Throw Pillow",CSTE_0002_ST_Bts_Pillow_Tata,CSTE_0008_ST_Bts_Pillow_Rj,NA,NA,NA,NA,NA,NA,Combo
"FUSKED Chimmy & Cooky Plush Pillow, Animal Stuffed Toy",CSTE_0001_ST_Bts_Pillow_Chimmy,CSTE_0007_ST_Bts_Pillow_Cooky,NA,NA,NA,NA,NA,NA,Combo
"Rudrav_Chimmy & Cooky Plush Pillow, Animal Stuffed Toys",CSTE_0001_ST_Bts_Pillow_Chimmy,CSTE_0007_ST_Bts_Pillow_Cooky,NA,NA,NA,NA,NA,NA,Combo
"FUSKED Cooky & Tata Plush Pillow, Animal Stuffed Toys Throw",CSTE_0007_ST_Bts_Pillow_Cooky,CSTE_0002_ST_Bts_Pillow_Tata,NA,NA,NA,NA,NA,NA,Combo
Harrypotter_wands_musicbox,CSTE_0294_OT_Harrypotter_new_wand,CSTE_0020_MB_HP_Black,NA,NA,NA,NA,NA,NA,Combo
wands_harryPotter_musicbox,CSTE_0294_OT_Harrypotter_new_wand,CSTE_0020_MB_HP_Black,NA,NA,NA,NA,NA,NA,Combo
hermoine_wand_musicbox,CSTE_0291_OT_Hermoine_wand,CSTE_0020_MB_HP_Black,NA,NA,NA,NA,NA,NA,Combo
wands_hermoine_musicbox,CSTE_0291_OT_Hermoine_wand,CSTE_0020_MB_HP_Black,NA,NA,NA,NA,NA,NA,Combo
Dumbledore_wand_musicbox,CSTE_0292_OT_Dumbledore_wand,CSTE_0020_MB_HP_Black,NA,NA,NA,NA,NA,NA,Combo
wands_Dumbledore_Musicbox,CSTE_0292_OT_Dumbledore_wand,CSTE_0020_MB_HP_Black,NA,NA,NA,NA,NA,NA,Combo
LordVoldmort_wand_musicbox,CSTE_0293_OT_Voldemort_wand,CSTE_0020_MB_HP_Black,NA,NA,NA,NA,NA,NA,Combo
voldmort_wand_musicbox,CSTE_0293_OT_Voldemort_wand,CSTE_0020_MB_HP_Black,NA,NA,NA,NA,NA,NA,Combo
new_harrypotter_wand_musicbox,CSTE_0294_OT_Harrypotter_new_wand,CSTE_0020_MB_HP_Black,NA,NA,NA,NA,NA,NA,Combo
wand_new_harrypotter_musicbox,CSTE_0294_OT_Harrypotter_new_wand,CSTE_0020_MB_HP_Black,NA,NA,NA,NA,NA,NA,Combo
harrypotter_sunglass_wand,CSTE_0294_OT_Harrypotter_new_wand,CSTE_0319_SG_HarryPotter_Round,NA,NA,NA,NA,NA,NA,Combo
Wands_HarryPotter_Sunglass,CSTE_0294_OT_Harrypotter_new_wand,CSTE_0319_SG_HarryPotter_Round,NA,NA,NA,NA,NA,NA,Combo
hermoine_sunglass_wand,CSTE_0291_OT_Hermoine_wand,CSTE_0319_SG_HarryPotter_Round,NA,NA,NA,NA,NA,NA,Combo
Wands_hermoine_sunglass,CSTE_0291_OT_Hermoine_wand,CSTE_0319_SG_HarryPotter_Round,NA,NA,NA,NA,NA,NA,Combo
Dumbledore_sunglass_wand,CSTE_0292_OT_Dumbledore_wand,CSTE_0319_SG_HarryPotter_Round,NA,NA,NA,NA,NA,NA,Combo
Wands_Dumbledore_Sunglasas,CSTE_0292_OT_Dumbledore_wand,CSTE_0319_SG_HarryPotter_Round,NA,NA,NA,NA,NA,NA,Combo
Wands_Lord Voldmort_Sunglasas,CSTE_0293_OT_Voldemort_wand,CSTE_0319_SG_HarryPotter_Round,NA,NA,NA,NA,NA,NA,Combo
Voldmort_sunglass_wand,CSTE_0293_OT_Voldemort_wand,CSTE_0319_SG_HarryPotter_Round,NA,NA,NA,NA,NA,NA,Combo
Snape_Sunglass_wand,CSTE_0295_OT_Snape_wand,CSTE_0319_SG_HarryPotter_Round,NA,NA,NA,NA,NA,NA,Combo
Wands_Snape_Sunglass,CSTE_0295_OT_Snape_wand,CSTE_0319_SG_HarryPotter_Round,NA,NA,NA,NA,NA,NA,Combo
"RUDRAV_RJ, Shooky, Van & Tata Plush Pillow, Animal Stuffed Toys",CSTE_0008_ST_Bts_Pillow_Rj,CSTE_0005_ST_Bts_Pillow_Shooky,CSTE_0006_ST_Bts_Pillow_Van,CSTE_0002_ST_Bts_Pillow_Tata,NA,NA,NA,NA,Combo
CSTE_0407_OT_HP_Scarf_SG,CSTE_0407_OT_HP_Scarf_SG,NA,NA,NA,NA,NA,NA,NA,Combo
CSTE_Combo_Melody_Kuromi,CSTE_0483_ST_Animal_Kitty_MyMelody_Pink,CSTE_0482_ST_Animal_Kitty_Kuromi_Black,NA,NA,NA,NA,NA,NA,Combo
HOC_A9_MB_MH,CSTE_0200_MB_MHLasaCasaDePapel_Brown,NA,NA,NA,NA,NA,NA,NA,Combo
HOC_Bella_Ciao_MH_Black,CSTE_0207_MB_BellaCiao_Black,NA,NA,NA,NA,NA,NA,NA,Combo
HOC_birthdaytunered01,CSTE_0013_MB_HBD_Red,NA,NA,NA,NA,NA,NA,NA,Combo
HOC_Brown-La-Vie-Rose-Brown,CSTE_0045_MB_LavienRose_Brown,NA,NA,NA,NA,NA,NA,NA,Combo
HOC_Caribbean-Pirates,CSTE_0053_MB_PiratesofCarribean_Brown,NA,NA,NA,NA,NA,NA,NA,Combo
HOC_CSTE_0073_MB_ILoveToTheMoon_Black,CSTE_0073_MB_ILoveToTheMoon_Black,NA,NA,NA,NA,NA,NA,NA,Combo
HOC_FK- MUSIC BOX -HAPPY BIRTHDAY FOR SPECIAL ONES- PINK,CSTE_0016_MB_HBD_Pink,NA,NA,NA,NA,NA,NA,NA,Combo
HOC_Four-Head-Brown-Beatles,CSTE_0022_MB_Beatles_Brown,NA,NA,NA,NA,NA,NA,NA,Combo
HOC_Happy_birthday_white,CSTE_0036_MB_HBD_White,NA,NA,NA,NA,NA,NA,NA,Combo
HOC_hbd_black_mb,CSTE_0015_MB_HBD_Black,NA,NA,NA,NA,NA,NA,NA,Combo
HOC_MB_Queen_Black,CSTE_0088_MB_Queen_Black,NA,NA,NA,NA,NA,NA,NA,Combo
HOC_MH A14 Brown MB,CSTE_0200_MB_MHLasaCasaDePapel_Brown,NA,NA,NA,NA,NA,NA,NA,Combo
HOC_MH_A5_BLACK MB,CSTE_0207_MB_BellaCiao_Black,NA,NA,NA,NA,NA,NA,NA,Combo
HOC_MH_Mask_Brown,CSTE_0195_MB_MHA13_Brown,NA,NA,NA,NA,NA,NA,NA,Combo
HOC_MHAll_Black_MB,CSTE_0197_MB_MHAll_Black,NA,NA,NA,NA,NA,NA,NA,Combo
HOC_moneyhiestA15,CSTE_0204_MB_MHA12_Brown,NA,NA,NA,NA,NA,NA,NA,Combo
HOC_MusicBox_Queen,CSTE_0082_MB_Queen_Brown,NA,NA,NA,NA,NA,NA,NA,Combo
HOC_Pirate_DavyJones_mb,CSTE_0260_MB_Pirate_DavyJones,NA,NA,NA,NA,NA,NA,NA,Combo
HOC_Pirates of The Caribbean_BLACK,CSTE_0052_MB_PiratesofCarribean_Black,NA,NA,NA,NA,NA,NA,NA,Combo
HOC_Simpsons_Music_Box_Brown,CSTE_0083_MB_Simpsons_Brown,NA,NA,NA,NA,NA,NA,NA,Combo
HOC_TO MY WIFE WITH PHOTO_BROWN,CSTE_0058_MB_ToMyWife_BrownWithPhoto,NA,NA,NA,NA,NA,NA,NA,Combo
HOC_Tree_MB_MerryChristmas,CSTE_0348_MB_MerryChristmas_TreeRed,NA,NA,NA,NA,NA,NA,NA,Combo
HOC_YOU ARE MY SUNSHINE_BLACK,CSTE_0059_MB_YouAreMySunshine_Black,NA,NA,NA,NA,NA,NA,NA,Combo
15694321,CSTE_O0431_OT_Soft_Keychain_Shooky,NA,NA,NA,NA,NA,NA,NA,block
23654985,CSTE_O0436_OT_Dinasour_Soft_toy,CSTE_O0047_OT_DinasourPencilSet,NA,NA,NA,NA,NA,NA,"Combo,Paused"
Owl_Keyholder_Purple,CSTE_O0401_OT_KeyHolder_WinkCat_Purple,NA,NA,NA,NA,NA,NA,NA,Combo
Lilo_Stitch_Breathing_Stitch,CSTE_0460_ST_Animal_Stitch_Lina_Bear,CSTE_0488_ST_Animal_Breathing_Stitch_Blue,NA,NA,NA,NA,NA,NA,Combo
Maru_Bear_Love_a_Lot_Bear,CSTE_0458_ST_Animal_Love_Lot_Bear,CSTE_0456_ST_Animal_Maru_Bear,NA,NA,NA,NA,NA,NA,Combo
Battlegame,CSTE_0378_OT_BattleGame_Toy,NA,NA,NA,NA,NA,NA,NA,Combo
CJ_Makeup_Org_Black_Brushes,CSTE_O0376_OT_Makeup_Brushes_Set,CSTE_0314_Organizer_Makeup_Black,NA,NA,NA,NA,NA,NA,Combo
Duck_Keychain_Flower_Duck,CSTE_0519_ST_Animal_Sitting_Duck_Flower,CSTE_0509_ST_Animal_Duck_Soft_Keychain,NA,NA,NA,NA,NA,NA,Combo
Dumbledore_Stand,CSTE_0292_OT_Dumbledore_wand,CSTE_0408_Wands_Stand_Metal,NA,NA,NA,NA,NA,NA,Combo
30548764,CSTE_0118_ST_Rev_Oct_DarkBluePink,NA,NA,NA,NA,NA,NA,NA,block
32056420,CSTE_0007_ST_Bts_Pillow_Cooky,NA,NA,NA,NA,NA,NA,NA,block
Harry_stand,CSTE_0294_OT_Harrypotter_new_wand,CSTE_0408_Wands_Stand_Metal,NA,NA,NA,NA,NA,NA,Combo
Hermoine_stand,CSTE_0291_OT_Hermoine_wand,CSTE_0408_Wands_Stand_Metal,NA,NA,NA,NA,NA,NA,Combo
Kuromi_My Melody,CSTE_0482_ST_Animal_Kitty_Kuromi_Black,CSTE_0483_ST_Animal_Kitty_MyMelody_Pink,NA,NA,NA,NA,NA,NA,Combo
CSTE_0523_ST_Animal_Bow_Sheep,CSTE_0523_ST_Animal_Bow_Sheep_White_Brown,NA,NA,NA,NA,NA,NA,NA,Combo
Messanger_Cat_Combo,CSTE_O0001_OT_TeddyFaceCat_Brown,CSTE_O0003_OT_TeddyFaceCat_Blue,NA,NA,NA,NA,NA,NA,Combo
Messenger_Cat_UPD_Pink,CSTE_O0001_OT_TeddyFaceCat_Brown,CSTE_O0306_OT_UnicornPlantableDiary_Pink,NA,NA,NA,NA,NA,NA,Combo
harry_musicbox_wand_new,CSTE_0294_OT_Harrypotter_new_wand,CSTE_0020_MB_HP_Black,NA,NA,NA,NA,NA,NA,Combo
musicbox_harry_wand,CSTE_0294_OT_Harrypotter_new_wand,CSTE_0020_MB_HP_Black,NA,NA,NA,NA,NA,NA,Combo
wand_harrypotter_musicbox,CSTE_0294_OT_Harrypotter_new_wand,CSTE_0020_MB_HP_Black,NA,NA,NA,NA,NA,NA,Combo
musicbox_volmort_wand,CSTE_0293_OT_Voldemort_wand,CSTE_0020_MB_HP_Black,NA,NA,NA,NA,NA,NA,Combo
wand_volmort_musicbox,CSTE_0293_OT_Voldemort_wand,CSTE_0020_MB_HP_Black,NA,NA,NA,NA,NA,NA,Combo
harry_potter_newwand_music,CSTE_0294_OT_Harrypotter_new_wand,CSTE_0020_MB_HP_Black,NA,NA,NA,NA,NA,NA,Combo
newwand_harry_musicbox,CSTE_0294_OT_Harrypotter_new_wand,CSTE_0020_MB_HP_Black,NA,NA,NA,NA,NA,NA,Combo
wand_music_box_harry_new,CSTE_0294_OT_Harrypotter_new_wand,CSTE_0020_MB_HP_Black,NA,NA,NA,NA,NA,NA,Combo
harrypotter_sunglasses_wand,CSTE_0294_OT_Harrypotter_new_wand,CSTE_0319_SG_HarryPotter_Round,NA,NA,NA,NA,NA,NA,Combo
sunglasses_wand_harrypotter,CSTE_0294_OT_Harrypotter_new_wand,CSTE_0319_SG_HarryPotter_Round,NA,NA,NA,NA,NA,NA,Combo
harry_potter_sunglasses,CSTE_0294_OT_Harrypotter_new_wand,CSTE_0319_SG_HarryPotter_Round,NA,NA,NA,NA,NA,NA,Combo
sunglasses_harry_potter,CSTE_0294_OT_Harrypotter_new_wand,CSTE_0319_SG_HarryPotter_Round,NA,NA,NA,NA,NA,NA,Combo
potter_hermoine_sunglasses,CSTE_0291_OT_Hermoine_wand,CSTE_0319_SG_HarryPotter_Round,NA,NA,NA,NA,NA,NA,Combo
sunglasses_harry_hermoine,CSTE_0291_OT_Hermoine_wand,CSTE_0319_SG_HarryPotter_Round,NA,NA,NA,NA,NA,NA,Combo
dumbledore_sunglasses_wand,CSTE_0292_OT_Dumbledore_wand,CSTE_0319_SG_HarryPotter_Round,NA,NA,NA,NA,NA,NA,Combo
harry_dumbledore_sunglass,CSTE_0292_OT_Dumbledore_wand,CSTE_0319_SG_HarryPotter_Round,NA,NA,NA,NA,NA,NA,Combo
harry_voldmort_sunglass,CSTE_0293_OT_Voldemort_wand,CSTE_0319_SG_HarryPotter_Round,NA,NA,NA,NA,NA,NA,Combo
potter_sunglass_voldmort,CSTE_0293_OT_Voldemort_wand,CSTE_0319_SG_HarryPotter_Round,NA,NA,NA,NA,NA,NA,Combo
sunglasses_wandlord_voldmort,CSTE_0293_OT_Voldemort_wand,CSTE_0319_SG_HarryPotter_Round,NA,NA,NA,NA,NA,NA,Combo
CSTE_0353_Wands_Dumbledore_light_MB,CSTE_0333_Wands_Dumbledore_Light,CSTE_0020_MB_HP_Black,NA,NA,NA,NA,NA,NA,Combo
CSTE_0355_Wands_Harrypotter_light_SG,CSTE_0330_Wands_Harrypotter_Light,CSTE_0319_SG_HarryPotter_Round,NA,NA,NA,NA,NA,NA,Combo
Messenger_Cat_UPD_Black,CSTE_O0001_OT_TeddyFaceCat_Brown,CSTE_O0307_OT_UnicornPlantableDiary_Black,NA,NA,NA,NA,NA,NA,Combo
CSTE_O0364_SnitchBall_3dLamp,CSTE_O0364_SnitchBall_3dLamp,NA,NA,NA,NA,NA,NA,NA,Combo
squeeze_toy_3,CSTE_O0442_OT_Squeeze_White,CSTE_O0443_OT_Squeeze_Yellow,CSTE_O0444_OT_Squeeze_Purple,NA,NA,NA,NA,NA,Combo
CJ_Makeup_Org_Pink_Brushes,CSTE_O0376_OT_Makeup_Brushes_Set,NA,NA,NA,NA,NA,NA,NA,Combo
Compression_Kit_Toiletry_Bottle_Combo,CSTE_0429_Org_Compression_Kit_Cream,NA,NA,NA,NA,NA,NA,NA,Combo
CJ_Makeup_Org_Purple_Brushes,CSTE_0316_Organizer_Makeup_Purple,NA,NA,NA,NA,NA,NA,NA,Combo
NEW_HARRY_POTTER_MUSIC_BOX,CSTE_0294_OT_Harrypotter_new_wand,NA,NA,NA,NA,NA,NA,NA,Combo
Snape_stand,CSTE_0295_OT_Snape_wand,CSTE_0408_Wands_Stand_Metal,NA,NA,NA,NA,NA,NA,Combo
Voldemort_stand,CSTE_0293_OT_Voldemort_wand,CSTE_0408_Wands_Stand_Metal,NA,NA,NA,NA,NA,NA,Combo
32587421,CSTE_O0436_OT_Dinasour_Soft_toy,CSTE_O0047_OT_DinasourPencilSet,NA,NA,NA,NA,NA,NA,combo paused
32645101,CSTE_0002_ST_Bts_Pillow_Tata,NA,NA,NA,NA,NA,NA,NA,block
BigPillow_Combo,CSTE_0009_ST_Bts_LongPillow_Chimmy,CSTE_0012_ST_Bts_LongPillow_Cooky,CSTE_0011_ST_Bts_LongPillow_Koya,CSTE_0010_ST_Bts_LongPillow_Tata,NA,NA,NA,NA,Combo
26ltr_Sorage_combo4,CSTE_0409_Orgn_Storage_26Ltr_Grey,CSTE_0410_Orgn_Storage_26Ltr_Green,CSTE_0413_Orgn_Storage_26Ltr_Blue,CSTE_0414_Orgn_Storage_26Ltr_Cream,NA,NA,NA,NA,Combo
Breathing_Grey_Otter,CSTE_0549_ST_Animal_Breathing_Otter_Grey,NA,NA,NA,NA,NA,NA,NA,Combo
Breathing_Lilo_Stich_Blue,CSTE_0488_ST_Animal_Breathing_Stitch_Blue,NA,NA,NA,NA,NA,NA,NA,Combo
Breathing_Messenger_Cat,CSTE_O0001_OT_TeddyFaceCat_Brown,NA,NA,NA,NA,NA,NA,NA,Combo
Breathing_Messenger_Cat_Blue,CSTE_O0003_OT_TeddyFaceCat_Blue,NA,NA,NA,NA,NA,NA,NA,Combo
Breathing_Messenger_Cat_Pink,CSTE_O0002_OT_TeddyFaceCat_Pink,NA,NA,NA,NA,NA,NA,NA,Combo
Breathing_Otter_Blue,CSTE_0487_ST_Animal_Breathing_Otter_Blue,NA,NA,NA,NA,NA,NA,NA,Combo
Breathing_Otter_D_Brown,CSTE_0525_ST_Animal_Breathing_Otter_DarkBrown,NA,NA,NA,NA,NA,NA,NA,Combo
Breathing_Otter_Pink_1,CSTE_0526_ST_Animal_Breathing_Otter_Pink,NA,NA,NA,NA,NA,NA,NA,Combo
butterfly_redgreen_SG,CSTE_0148_SG_ButterFly_RedGreen,NA,NA,NA,NA,NA,NA,NA,Combo
"CAAJU Animal Stuffed Soft Toy (Dark Blue, Orange)",CSTE_0125_ST_Rev_Cat_BlueOerange,NA,NA,NA,NA,NA,NA,NA,Paused
circle brown,CSTE_0387_SG_Oval_Crystal_Brown,NA,NA,NA,NA,NA,NA,NA,Combo
CJ_Makeup_Org_LightGreen_Brushes,CSTE_O0376_OT_Makeup_Brushes_Set,CSTE_0315_Organizer_Makeup_LightGreen,NA,NA,NA,NA,NA,NA,Combo
combo_square_watches_black-pink,CSTE_O0316_OT_Squrewatch_Pink,CSTE_O0320_OT_Square Watch_Black,NA,NA,NA,NA,NA,NA,Combo
Compression_Sky_Blue,CSTE_0475_Organizer_Compression_Kit_LightBlue,CSTE_O0390_OT_Toiletry_Bottles,NA,NA,NA,NA,NA,NA,Combo
CSTE_0010_ST_Bts_LongPillow_Tata CSTE_0011_ST_Bts_LongPillow_Koya,CSTE_0010_ST_Bts_LongPillow_Tata,CSTE_0011_ST_Bts_LongPillow_Koya,NA,NA,NA,NA,NA,NA,Paused
CSTE_0174_SG_Oval_Red CSTE_0143_SG_Oval01_Black,CSTE_0143_SG_Oval01_Black,CSTE_0174_SG_Oval_Red,NA,NA,NA,NA,NA,NA,Combo
CSTE_O0367_OT_Belt_Sunglass_Combo,CSTE_O0354_OT_ LeatherBelt_Black,CSTE_0319_SG_HarryPotter_Round,NA,NA,NA,NA,NA,NA,Combo
CSTE020,CSTE_0085_MB_Titanic_Brown,NA,NA,NA,NA,NA,NA,NA,Blocked
CSTE071,CSTE_O0036_OT_UnicornSoftToy_RedSmall,NA,NA,NA,NA,NA,NA,NA,Combo
CSTE088,CSTE_O0447_OT_Kangaroo_Plush,NA,NA,NA,NA,NA,NA,NA,Combo
CSTE130,CSTE_O0358_OT_IronMan_Bobblehead,NA,NA,NA,NA,NA,NA,NA,Paused
Dinosaur Doll,CSTE_O0436_OT_Dinasour_Soft_toy,NA,NA,NA,NA,NA,NA,NA,Combo
DOUBLE SHADES HEART MELT_SG,CSTE_0253_SG_MeltedHeart_Red,NA,NA,NA,NA,NA,NA,NA,Combo
Friends New Music Box,CSTE_0028_MB_Friends_NewBrown,NA,NA,NA,NA,NA,NA,NA,Combo
Fur Chair Mat-White,CSTE_0114_HD_Rug_CircleChairMat_White,NA,NA,NA,NA,NA,NA,NA,Combo
"Fusked Red Tata Eye Mask | Soft Breathable Cotton Eye Mask | Sleeping eye shade mask for Insomnia, Meditation, Puffy Eyes and Dark Circles (Red)",CSTE_O0234_OT_TataEyemask,NA,NA,NA,NA,NA,NA,NA,Combo
"Fusked Wool Floor Mat (White, Small)",CSTE_0111_HD_Rug_CircleFurmat_White,NA,NA,NA,NA,NA,NA,NA,Combo
FUSKED- BOBBLEHEAD DOG-WHITE-CAR AND HOME DECOR,CSTE_O0293_OT_PuppyBobbleHead,NA,NA,NA,NA,NA,NA,NA,Combo
Goku blue hair,CSTE_0449_CLT_AF_Vegeta_Gloves_Blue,NA,NA,NA,NA,NA,NA,NA,Combo
Haary_Round_SG,CSTE_0319_SG_HarryPotter_Round,NA,NA,NA,NA,NA,NA,NA,Combo
HeartShape_SlingBag_Pink,CSTE_O0439_OT_Bunny_Sling_Bag,NA,NA,NA,NA,NA,NA,NA,Combo
HP_Wand_Stand,CSTE_0408_Wands_Stand_Metal,CSTE_0294_OT_Harrypotter_new_wand,NA,NA,NA,NA,NA,NA,Combo
Jade Holder-Green,CSTE_O0216_OT_GuashaAndJadeRoler,NA,NA,NA,NA,NA,NA,NA,Combo
JS_DeerStand_Pink,CSTE_O0167_OT_PlasticJewelleryStand,NA,NA,NA,NA,NA,NA,NA,Combo
Koala_Hugging_Duck,CSTE_0547_ST_Animal_Stich_Hug_Duck,NA,NA,NA,NA,NA,NA,NA,Combo
Koya_Pillow,CSTE_0003_ST_Bts_Pillow_Koya,NA,NA,NA,NA,NA,NA,NA,Combo
Kuromi_My_Melody,CSTE_0482_ST_Animal_Kitty_Kuromi_Black,CSTE_0483_ST_Animal_Kitty_MyMelody_Pink,NA,NA,NA,NA,NA,NA,Combo
Minecraft_Spider_Creeper,CSTE_0477_ST_Minecraft_Spider_Blue,CSTE_0419_ST_MineCraft_Creeper,NA,NA,NA,NA,NA,NA,Combo
MONEYHEIST A-8_BROWN,CSTE_0199_MB_MHA8_Brown,NA,NA,NA,NA,NA,NA,NA,Combo
Music Box Star Wars- Black,CSTE_0054_MB_Starwar_Black,NA,NA,NA,NA,NA,NA,NA,Combo
musicBoxBabyYoda-Brown,CSTE_0091_MB_Starwar_Yoda,NA,NA,NA,NA,NA,NA,NA,Combo
MusicBoxDragonBall-Z-Red,CSTE_0070_MB_DragonBallZ_Red,NA,NA,NA,NA,NA,NA,NA,Combo
Oval_Red&Black_SG,CSTE_0143_SG_Oval01_Black,CSTE_0174_SG_Oval_Red,NA,NA,NA,NA,NA,NA,Combo
Oval_Sg_Combo,CSTE_0143_SG_Oval01_Black,CSTE_0174_SG_Oval_Red,NA,NA,NA,NA,NA,NA,Combo
oval_sunglass_combo,CSTE_0143_SG_Oval01_Black,CSTE_0174_SG_Oval_Red,NA,NA,NA,NA,NA,NA,Combo
plant holder,CSTE_O0386_OT_Candle_Holder_Deer,NA,NA,NA,NA,NA,NA,NA,Combo
Rudrav BT21 Rj Ball Pen Multi-function Pen (Multicolor),CSTE_O0287_OT_RjPen,NA,NA,NA,NA,NA,NA,NA,Combo
Rudrav BTS Pen Multi-function Pen (Blue),CSTE_O0270_OT_MangPen,NA,NA,NA,NA,NA,NA,NA,Combo
Rudrav_10 Colors in _1 BT21 Koya Ball Pen (Blue) Ball Pen (Multicolor),CSTE_O0270_OT_MangPen,NA,NA,NA,NA,NA,NA,NA,Combo
Rudrav_Cute Mini Memo Note Pad Memo Note Book with Pen for Kids,CSTE_O0270_OT_MangPen,NA,NA,NA,NA,NA,NA,NA,Combo
Rudrav_Pulse OXIMETER | Oxygen Saturation Level SPO2 and Heart Pulse Rate Monitor PR,CSTE_O0186_OT_OximeterTft,NA,NA,NA,NA,NA,NA,NA,Combo
sky blue pink cat,CSTE_0127_ST_Rev_Cat_SkyBluePink,NA,NA,NA,NA,NA,NA,NA,Paused
SL_SLIPPER_YELLOW,CSTE_O0010_OT_KissieSlipper_Yellow,NA,NA,NA,NA,NA,NA,NA,Blocked
SL_UNICON_SLIPPER,CSTE_O0007_OT_UnicornSlipper_WhiteBig,NA,NA,NA,NA,NA,NA,NA,Blocked
sling_bag_bear,CSTE_O0383_OT_Sling_Bag_Bear,NA,NA,NA,NA,NA,NA,NA,paused
sling_bag_bear2,CSTE_O0383_OT_Sling_Bag_Bear,NA,NA,NA,NA,NA,NA,NA,paused
square_watch_combo_black_pink,CSTE_O0316_OT_Squrewatch_Pink,CSTE_O0320_OT_Square Watch_Black,NA,NA,NA,NA,NA,NA,Combo
square_watches_combo_blakc-pink,CSTE_O0316_OT_Squrewatch_Pink,CSTE_O0320_OT_Square Watch_Black,NA,NA,NA,NA,NA,NA,Combo
Stitch_Hugging_Duck,CSTE_0547_ST_Animal_Stich_Hug_Duck,NA,NA,NA,NA,NA,NA,NA,Combo
Stitch_Hugging_Duck_2,CSTE_0547_ST_Animal_Stich_Hug_Duck,NA,NA,NA,NA,NA,NA,NA,Combo
Storage_box_Black_2,CSTE_0412_Orgn_Storage_26Ltr_BlackWhite,CSTE_0412_Orgn_Storage_26Ltr_BlackWhite,NA,NA,NA,NA,NA,NA,Combo
Storage_box_Black_3,CSTE_0412_Orgn_Storage_26Ltr_BlackWhite,CSTE_0412_Orgn_Storage_26Ltr_BlackWhite,CSTE_0412_Orgn_Storage_26Ltr_BlackWhite,NA,NA,NA,NA,NA,Combo
Storage_box_Black_4,CSTE_0412_Orgn_Storage_26Ltr_BlackWhite,CSTE_0412_Orgn_Storage_26Ltr_BlackWhite,CSTE_0412_Orgn_Storage_26Ltr_BlackWhite,CSTE_0412_Orgn_Storage_26Ltr_BlackWhite,NA,NA,NA,NA,Combo
Storage_Box_Brown_1,CSTE_0411_Orgn_Storage_26Ltr_Brown,NA,NA,NA,NA,NA,NA,NA,Combo
Storage_Box_Brown_2,CSTE_0411_Orgn_Storage_26Ltr_Brown,CSTE_0411_Orgn_Storage_26Ltr_Brown,NA,NA,NA,NA,NA,NA,Combo
Storage_Box_Brown_3,CSTE_0411_Orgn_Storage_26Ltr_Brown,CSTE_0411_Orgn_Storage_26Ltr_Brown,CSTE_0411_Orgn_Storage_26Ltr_Brown,NA,NA,NA,NA,NA,Combo
Storage_Box_Brown_4,CSTE_0411_Orgn_Storage_26Ltr_Brown,CSTE_0411_Orgn_Storage_26Ltr_Brown,CSTE_0411_Orgn_Storage_26Ltr_Brown,CSTE_0411_Orgn_Storage_26Ltr_Brown,NA,NA,NA,NA,Combo
Storage_Box_Green_1,CSTE_0410_Orgn_Storage_26Ltr_Green,NA,NA,NA,NA,NA,NA,NA,Combo
Storage_Box_Green_2,CSTE_0410_Orgn_Storage_26Ltr_Green,CSTE_0410_Orgn_Storage_26Ltr_Green,NA,NA,NA,NA,NA,NA,Combo
Storage_Box_Green_3,CSTE_0410_Orgn_Storage_26Ltr_Green,CSTE_0410_Orgn_Storage_26Ltr_Green,CSTE_0410_Orgn_Storage_26Ltr_Green,NA,NA,NA,NA,NA,Combo
Storage_Box_Green_4,CSTE_0410_Orgn_Storage_26Ltr_Green,CSTE_0410_Orgn_Storage_26Ltr_Green,CSTE_0410_Orgn_Storage_26Ltr_Green,CSTE_0410_Orgn_Storage_26Ltr_Green,NA,NA,NA,NA,Combo
Storage_Box_white_1,CSTE_0530_Organizer_Storage_Grid_24_Cream,NA,NA,NA,NA,NA,NA,NA,Combo
Storage_Box_white_2,CSTE_0530_Organizer_Storage_Grid_24_Cream,CSTE_0530_Organizer_Storage_Grid_24_Cream,NA,NA,NA,NA,NA,NA,Combo
Storage_Box_white_3,CSTE_0530_Organizer_Storage_Grid_24_Cream,CSTE_0530_Organizer_Storage_Grid_24_Cream,CSTE_0530_Organizer_Storage_Grid_24_Cream,NA,NA,NA,NA,NA,Combo
Storage_Box_white_4,CSTE_0530_Organizer_Storage_Grid_24_Cream,CSTE_0530_Organizer_Storage_Grid_24_Cream,CSTE_0530_Organizer_Storage_Grid_24_Cream,CSTE_0530_Organizer_Storage_Grid_24_Cream,CSTE_0530_Organizer_Storage_Grid_24_Cream,NA,NA,NA,Combo
travel_organizer_black_map,CSTE_0311_Organizer_Travel_Black,NA,NA,NA,NA,NA,NA,NA,Combo
travel_organizer_blue_map,CSTE_0309_Organizer_Travel_LightBlue,NA,NA,NA,NA,NA,NA,NA,Combo
travel_organizer_grey_map,CSTE_0310_Organizer_Travel_Grey,NA,NA,NA,NA,NA,NA,NA,Combo
Van Bts Soft Toy Full Body,CSTE_O0423_OT_Standing_Doll_Van,NA,NA,NA,NA,NA,NA,NA,Combo
van pillow white green,CSTE_0006_ST_Bts_Pillow_Van,NA,NA,NA,NA,NA,NA,NA,Combo
Van_Mang_Combo,CSTE_0006_ST_Bts_Pillow_Van,CSTE_0004_ST_Bts_Pillow_Mang,NA,NA,NA,NA,NA,NA,Combo
CSTE_0360_Wands_Snape_Light,CSTE_0360_Wands_Snape_Light,NA,NA,NA,NA,NA,NA,NA,Combo
Fireglass_Green_Map,CSTE_0157_SG_FireGlass_Green,NA,NA,NA,NA,NA,NA,NA,Combo
Wands_Stand_HP,CSTE_0408_Wands_Stand_Metal,CSTE_0294_OT_Harrypotter_new_wand,NA,NA,NA,NA,NA,NA,Combo
CSTE_O0446_OT_Glue_Sand_Rubber_Pig,CSTE_O0446_OT_Glue_Sand_Rubber_Pig,NA,NA,NA,NA,NA,NA,NA,Combo
CSTE_O0445_OT_Glue_Sand_Rubber_Monkey,CSTE_O0445_OT_Glue_Sand_Rubber_Monkey,NA,NA,NA,NA,NA,NA,NA,Combo
CSTE_O0442_OT_Squeeze_White,CSTE_O0442_OT_Squeeze_White,NA,NA,NA,NA,NA,NA,NA,Combo
CSTE_O0444_OT_Squeeze_Purple,CSTE_O0444_OT_Squeeze_Purple,NA,NA,NA,NA,NA,NA,NA,Combo
CSTE_O0443_OT_Squeeze_Yellow,CSTE_O0443_OT_Squeeze_Yellow,NA,NA,NA,NA,NA,NA,NA,Combo
CSTE_0545_ST_Animal_Breathing_Dog_B_2,CSTE_0545_ST_Animal_Breathing_Dog_Brown,NA,NA,NA,NA,NA,NA,NA,Combo
CSTE_0545_ST_Animal_Breathing_Dog_Brown,CSTE_0545_ST_Animal_Breathing_Dog_Brown,NA,NA,NA,NA,NA,NA,NA,Combo
CSTE_0541_ST_Animal_Breathing_Fox,CSTE_0541_ST_Animal_Breathing_Fox,NA,NA,NA,NA,NA,NA,NA,Combo
CSTE_0540_ST_Animal_Breathing_Stich_Pink,CSTE_0540_ST_Animal_Breathing_Stich_Pink,NA,NA,NA,NA,NA,NA,NA,Combo
CSTE_0533_ST_Animal_Breathing_koala_Grey,CSTE_0533_ST_Animal_Breathing_koala_Grey,NA,NA,NA,NA,NA,NA,NA,Combo
CSTE_0536_ST_Animal_Breathing_lamb_White,CSTE_0536_ST_Animal_Breathing_lamb_White,NA,NA,NA,NA,NA,NA,NA,Combo
CSTE_0535_ST_Animal_Breathing_lamb_P,CSTE_0535_ST_Animal_Breathing_lamb_Pink,NA,NA,NA,NA,NA,NA,NA,Combo
CSTE_0537_ST_Animal_Breathing_capyBara_1,CSTE_0537_ST_Animal_Breathing_capyBara_pink,NA,NA,NA,NA,NA,NA,NA,Combo
CSTE_0542_ST_Animal_Breathing_Lucifer_C,CSTE_0542_ST_Animal_Breathing_Lucifer_Cat,NA,NA,NA,NA,NA,NA,NA,Combo
CSTE_0535_ST_Animal_Breathing_lamb_P_2,CSTE_0535_ST_Animal_Breathing_lamb_Pink,NA,NA,NA,NA,NA,NA,NA,Combo
CSTE_0540_ST_Animal_Breathing_Stich_P_2,CSTE_0540_ST_Animal_Breathing_Stich_Pink,NA,NA,NA,NA,NA,NA,NA,Combo
CSTE_0544_ST_Animal_Breathing_Sloth_Grey,CSTE_0544_ST_Animal_Breathing_Sloth_Grey,NA,NA,NA,NA,NA,NA,NA,Combo
CSTE_0543_ST_Animal_Breathing_S_Rabbit,CSTE_0543_ST_Animal_Breathing_S_Rabbit,NA,NA,NA,NA,NA,NA,NA,Combo
CSTE_0532_ST_Animal_Breathing_rabbit,CSTE_0532_ST_Animal_Breathing_rabbit,NA,NA,NA,NA,NA,NA,NA,Combo
CSTE_0481_ST_Animal_Cow_Plush_Cloths,CSTE_0481_ST_Animal_Cow_Plush_Cloths,NA,NA,NA,NA,NA,NA,NA,Combo
CSTE_0469_ST_Pokemon_Charizard,CSTE_0469_ST_Pokemon_Charizard,NA,NA,NA,NA,NA,NA,NA,Combo
CSTE_0546_ST_Animal_Lucifer_Cat_Black,CSTE_0546_ST_Animal_Lucifer_Cat_Black,NA,NA,NA,NA,NA,NA,NA,Combo
CSTE_0538_ST_Animal_Penguin_Yellow,CSTE_0538_ST_Animal_Penguin_Yellow,NA,NA,NA,NA,NA,NA,NA,Combo
CSTE_0539_ST_Animal_Penguin_Green,CSTE_0539_ST_Animal_Penguin_Green,NA,NA,NA,NA,NA,NA,NA,Combo
CSTE_0143_SG_Oval01_Black,CSTE_0143_SG_Oval01_Black,NA,NA,NA,NA,NA,NA,NA,Combo
CSTE_0174_SG_Oval_Red,CSTE_0174_SG_Oval_Red,NA,NA,NA,NA,NA,NA,NA,Combo
CSTE_0226_SG_Square/Big_Black,CSTE_0226_SG_Square/Big_Black,NA,NA,NA,NA,NA,NA,NA,Combo
CSTE_0172_SG_Square_Purple,CSTE_0172_SG_Square_Purple,NA,NA,NA,NA,NA,NA,NA,Combo
CSTE_0169_SG_Sqaure_Creame,CSTE_0169_SG_Sqaure_Creame,NA,NA,NA,NA,NA,NA,NA,Combo
CSTE_0184_SG_Sqaure_small_TigerPrint_1,CSTE_0184_SG_Sqaure/small_TigerPrint,NA,NA,NA,NA,NA,NA,NA,Combo
CSTE_0225_SG_Square/Big_TigerPrint,CSTE_0225_SG_Square/Big_TigerPrint,NA,NA,NA,NA,NA,NA,NA,Combo
Nit-v-Combo_Box_05,CSTE_0020_MB_HP_Black,CSTE_0020_MB_HP_Black,NA,NA,NA,NA,NA,NA,Combo
thuglife_smallcombo,CSTE_0217_SG_ThugLife_Thin,CSTE_0217_SG_ThugLife_Thin,NA,NA,NA,NA,NA,NA,Combo
BIGSMALL_TL,CSTE_0217_SG_ThugLife_Thin,CSTE_0218_SG_ThugLife_Big,NA,NA,NA,NA,NA,NA,Combo
Swaddle_3,CSTE_0364_Swaddle_Unicorn_Print,CSTE_0364_Swaddle_Unicorn_Print,CSTE_0364_Swaddle_Unicorn_Print,NA,NA,NA,NA,NA,Combo
Swaddle_5,CSTE_0364_Swaddle_Unicorn_Print,CSTE_0364_Swaddle_Unicorn_Print,CSTE_0364_Swaddle_Unicorn_Print,CSTE_0364_Swaddle_Unicorn_Print,CSTE_0364_Swaddle_Unicorn_Print,NA,NA,NA,Combo
Swaddle_4,CSTE_0364_Swaddle_Unicorn_Print,CSTE_0364_Swaddle_Unicorn_Print,CSTE_0364_Swaddle_Unicorn_Print,CSTE_0364_Swaddle_Unicorn_Print,NA,NA,NA,NA,Combo
Playful_Swaddles_4,CSTE_0364_Swaddle_Unicorn_Print,CSTE_0364_Swaddle_Unicorn_Print,CSTE_0364_Swaddle_Unicorn_Print,CSTE_0364_Swaddle_Unicorn_Print,NA,NA,NA,NA,Combo
Swaddles_Pack4,CSTE_0364_Swaddle_Unicorn_Print,CSTE_0364_Swaddle_Unicorn_Print,CSTE_0364_Swaddle_Unicorn_Print,CSTE_0364_Swaddle_Unicorn_Print,NA,NA,NA,NA,Combo
Swaddles_Pack5,CSTE_0364_Swaddle_Unicorn_Print,CSTE_0364_Swaddle_Unicorn_Print,CSTE_0364_Swaddle_Unicorn_Print,CSTE_0364_Swaddle_Unicorn_Print,CSTE_0364_Swaddle_Unicorn_Print,NA,NA,NA,Combo
Swaddles_Pack3,CSTE_0364_Swaddle_Unicorn_Print,CSTE_0364_Swaddle_Unicorn_Print,CSTE_0364_Swaddle_Unicorn_Print,NA,NA,NA,NA,NA,Combo
Swaddles_pack3,CSTE_0364_Swaddle_Unicorn_Print,CSTE_0364_Swaddle_Unicorn_Print,CSTE_0364_Swaddle_Unicorn_Print,NA,NA,NA,NA,NA,Combo
StorageBox_5,CSTE_0397_Organizer_StorageBox_Blue,CSTE_0397_Organizer_StorageBox_Blue,CSTE_0397_Organizer_StorageBox_Blue,CSTE_0397_Organizer_StorageBox_Blue,CSTE_0397_Organizer_StorageBox_Blue,NA,NA,NA,Combo
StorageBox_3,CSTE_0397_Organizer_StorageBox_Blue,CSTE_0397_Organizer_StorageBox_Blue,CSTE_0397_Organizer_StorageBox_Blue,NA,NA,NA,NA,NA,Combo
StorageBox_4,CSTE_0397_Organizer_StorageBox_Blue,CSTE_0397_Organizer_StorageBox_Blue,CSTE_0397_Organizer_StorageBox_Blue,CSTE_0397_Organizer_StorageBox_Blue,NA,NA,NA,NA,Combo
Caaju_Compression_Travelkit_Cream,CSTE_0429_Org_Compression_Kit_Cream,CSTE_O0390_OT_Toiletry_Bottles,NA,NA,NA,NA,NA,NA,Combo
Caaju_Compression_Travelkit_Blue,CSTE_0430_Org_Compression_Kit_Blue,CSTE_O0390_OT_Toiletry_Bottles,NA,NA,NA,NA,NA,NA,Combo
Caaju_6pc_travelkit_Pink,CSTE_0424_Org_6Pcs_Travel_Pink,CSTE_O0390_OT_Toiletry_Bottles,NA,NA,NA,NA,NA,NA,Combo
Caaju_6pc_travelkit_Red,CSTE_0425_Org_6Pcs_Travel_Red,CSTE_O0390_OT_Toiletry_Bottles,NA,NA,NA,NA,NA,NA,Combo
Caaju_6pc_travelkit_Maroon,CSTE_0428_Org_6Pcs_Travel_Maroon,CSTE_O0390_OT_Toiletry_Bottles,NA,NA,NA,NA,NA,NA,Combo
Compression_kit_blk,CSTE_0474_Organizer_Compression_Kit_Black,CSTE_O0390_OT_Toiletry_Bottles,NA,NA,NA,NA,NA,NA,Combo
CSTE_0502_ST_Minecraft_Pickaxe_Foam,CSTE_0502_ST_Minecraft_Pickaxe_Foam,CSTE_0471_ST_Minecraft_Sword_Big,NA,NA,NA,NA,NA,NA,Combo
Caaju_DS_Clipe_Rope_Pack2,CSTE_AMZ001_OT_Clip_Rope,CSTE_AMZ001_OT_Clip_Rope,NA,NA,NA,NA,NA,NA,Combo
clip rope pack of 2,CSTE_AMZ001_OT_Clip_Rope,CSTE_AMZ001_OT_Clip_Rope,NA,NA,NA,NA,NA,NA,Combo
cliperope_packof2,CSTE_AMZ001_OT_Clip_Rope,CSTE_AMZ001_OT_Clip_Rope,NA,NA,NA,NA,NA,NA,Combo
nylon _ rope 02,CSTE_AMZ002_OT_Rope_Nylon,CSTE_AMZ002_OT_Rope_Nylon,NA,NA,NA,NA,NA,NA,Combo
nylon_rope_3,CSTE_AMZ002_OT_Rope_Nylon,CSTE_AMZ002_OT_Rope_Nylon,CSTE_AMZ002_OT_Rope_Nylon,NA,NA,NA,NA,NA,Combo
PILLOW_PACK3,CSTE_O0043_OT_CushionFiller,CSTE_O0043_OT_CushionFiller,CSTE_O0043_OT_CushionFiller,NA,NA,NA,NA,NA,Combo
PILLOW_PACK5,CSTE_O0043_OT_CushionFiller,CSTE_O0043_OT_CushionFiller,CSTE_O0043_OT_CushionFiller,CSTE_O0043_OT_CushionFiller,CSTE_O0043_OT_CushionFiller,NA,NA,NA,Combo
PILLOW_PACK-4,CSTE_O0043_OT_CushionFiller,CSTE_O0043_OT_CushionFiller,CSTE_O0043_OT_CushionFiller,CSTE_O0043_OT_CushionFiller,NA,NA,NA,NA,Combo
PILLOW_PACKOF2,CSTE_O0043_OT_CushionFiller,CSTE_O0043_OT_CushionFiller,NA,NA,NA,NA,NA,NA,Combo
PILLOW_PACK4,CSTE_O0043_OT_CushionFiller,CSTE_O0043_OT_CushionFiller,CSTE_O0043_OT_CushionFiller,CSTE_O0043_OT_CushionFiller,NA,NA,NA,NA,Combo
PILLOW_PACK2,CSTE_O0043_OT_CushionFiller,CSTE_O0043_OT_CushionFiller,NA,NA,NA,NA,NA,NA,Combo
White_cushion fillers_5P,CSTE_O0043_OT_CushionFiller,CSTE_O0043_OT_CushionFiller,CSTE_O0043_OT_CushionFiller,CSTE_O0043_OT_CushionFiller,CSTE_O0043_OT_CushionFiller,NA,NA,NA,Combo
FLY_PENCIL_6_SET_MULTI,CSTE_O0061_OT_FlyingPencilSet_Blue,CSTE_O0061_OT_FlyingPencilSet_Blue,CSTE_O0061_OT_FlyingPencilSet_Blue,CSTE_O0061_OT_FlyingPencilSet_Blue,CSTE_O0061_OT_FlyingPencilSet_Blue,CSTE_O0061_OT_FlyingPencilSet_Blue,NA,NA,Combo
Nit-v-Combo_Box_06,CSTE_0020_MB_HP_Black,CSTE_0014_MB_HBD_Brown,NA,NA,NA,NA,NA,NA,Combo
Nit-v-Combo_Box_04,CSTE_0020_MB_HP_Black,CSTE_0024_MB_BeautyandBeast_Brown,NA,NA,NA,NA,NA,NA,Combo
Nit-v-Combo_Box_03,CSTE_0043_MB_Lalaland_Brown,CSTE_0024_MB_BeautyandBeast_Brown,NA,NA,NA,NA,NA,NA,Combo
Nit-v-Combo_Box_02,CSTE_0043_MB_Lalaland_Brown,CSTE_0014_MB_HBD_Brown,NA,NA,NA,NA,NA,NA,Combo
CTLG-01,CSTE_0217_SG_ThugLife_Thin,CSTE_0218_SG_ThugLife_Big,NA,NA,NA,NA,NA,NA,Combo
CTLG-02,CSTE_0217_SG_ThugLife_Thin,CSTE_0217_SG_ThugLife_Thin,NA,NA,NA,NA,NA,NA,Combo
Caaju_Storagebox_Blue_2pk,CSTE_0397_Organizer_StorageBox_Blue,CSTE_0397_Organizer_StorageBox_Blue,NA,NA,NA,NA,NA,NA,Combo
Caaju_Storagebox_Blue_3pk,CSTE_0397_Organizer_StorageBox_Blue,CSTE_0397_Organizer_StorageBox_Blue,CSTE_0397_Organizer_StorageBox_Blue,NA,NA,NA,NA,NA,Combo
Caaju_Storagebox_Blue_4pk,CSTE_0397_Organizer_StorageBox_Blue,CSTE_0397_Organizer_StorageBox_Blue,CSTE_0397_Organizer_StorageBox_Blue,CSTE_0397_Organizer_StorageBox_Blue,NA,NA,NA,NA,Combo
Caaju_Storagebox_Blue_5pk,CSTE_0397_Organizer_StorageBox_Blue,CSTE_0397_Organizer_StorageBox_Blue,CSTE_0397_Organizer_StorageBox_Blue,CSTE_0397_Organizer_StorageBox_Blue,CSTE_0397_Organizer_StorageBox_Blue,NA,NA,NA,Combo
Caaju_Storagebox_Blue_6pk,CSTE_0397_Organizer_StorageBox_Blue,CSTE_0397_Organizer_StorageBox_Blue,CSTE_0397_Organizer_StorageBox_Blue,CSTE_0397_Organizer_StorageBox_Blue,CSTE_0397_Organizer_StorageBox_Blue,CSTE_0397_Organizer_StorageBox_Blue,NA,NA,Combo
Caaju_26Lstoragebox_grey_2pk,CSTE_0409_Orgn_Storage_26Ltr_Grey,CSTE_0409_Orgn_Storage_26Ltr_Grey,NA,NA,NA,NA,NA,NA,Combo
Caaju_26Lstoragebox_grey_3pk,CSTE_0409_Orgn_Storage_26Ltr_Grey,CSTE_0409_Orgn_Storage_26Ltr_Grey,CSTE_0409_Orgn_Storage_26Ltr_Grey,NA,NA,NA,NA,NA,Combo
Caaju_26Lstoragebox_grey_4pk,CSTE_0409_Orgn_Storage_26Ltr_Grey,CSTE_0409_Orgn_Storage_26Ltr_Grey,CSTE_0409_Orgn_Storage_26Ltr_Grey,CSTE_0409_Orgn_Storage_26Ltr_Grey,NA,NA,NA,NA,Combo
Caaju_24grid_Beige_2pk,CSTE_0530_Organizer_Storage_Grid_24_Cream,CSTE_0530_Organizer_Storage_Grid_24_Cream,NA,NA,NA,NA,NA,NA,Combo
Caaju_24grid_Grey_2pk,CSTE_0529_Organizer_Storage_Grid_24_Grey,CSTE_0529_Organizer_Storage_Grid_24_Grey,NA,NA,NA,NA,NA,NA,Combo
XEXY_0001_Accs_Bamboo_Socks_Pink_2Pack,XEXY_0001_Accs_Bamboo_Xocks_Pink,XEXY_0001_Accs_Bamboo_Xocks_Pink,NA,NA,NA,NA,NA,NA,Combo
XEXY_0001_Accs_Bamboo_Socks_Pink_3Pack,XEXY_0001_Accs_Bamboo_Xocks_Pink,XEXY_0001_Accs_Bamboo_Xocks_Pink,XEXY_0001_Accs_Bamboo_Xocks_Pink,NA,NA,NA,NA,NA,Combo
XEXY_0001_Accs_Bamboo_Socks_Pink_6Pack,XEXY_0001_Accs_Bamboo_Xocks_Pink,XEXY_0001_Accs_Bamboo_Xocks_Pink,XEXY_0001_Accs_Bamboo_Xocks_Pink,XEXY_0001_Accs_Bamboo_Xocks_Pink,XEXY_0001_Accs_Bamboo_Xocks_Pink,XEXY_0001_Accs_Bamboo_Xocks_Pink,NA,NA,Combo
